#,emoji,unicode,name
1,ğŸ˜€,U+1F600,happy
2,ğŸ˜ƒ,U+1F603,happy
3,ğŸ˜„,U+1F604,happy
4,ğŸ˜,U+1F601,happy
5,ğŸ˜†,U+1F606,happy
6,ğŸ˜…,U+1F605,happy
7,ğŸ¤£,U+1F923,happy
8,ğŸ˜‚,U+1F602,happy
9,ğŸ™‚,U+1F642,happy
10,ğŸ™ƒ,U+1F643,happy
11,ğŸ˜‰,U+1F609,happy
12,ğŸ˜Š,U+1F60A,happy
13,ğŸ˜‡,U+1F607,happy
14,ğŸ¥°,U+1F970,love
15,ğŸ˜,U+1F60D,love
16,ğŸ¤©,U+1F929,surprised
17,ğŸ˜˜,U+1F618,love
18,ğŸ˜—,U+1F617,love
19,â˜º,U+263A,happy
20,ğŸ˜š,U+1F61A,love
21,ğŸ˜™,U+1F619,love
22,ğŸ¥²,U+1F972,sad
23,ğŸ˜‹,U+1F60B,happy
24,ğŸ˜›,U+1F61B,happy
25,ğŸ˜œ,U+1F61C,happy
26,ğŸ¤ª,U+1F92A,happy
27,ğŸ˜,U+1F61D,happy
28,ğŸ¤‘,U+1F911,surprised
29,ğŸ¤—,U+1F917,happy
30,ğŸ¤­,U+1F92D,happy
31,ğŸ¤«,U+1F92B,neutral
32,ğŸ¤”,U+1F914,neutral
33,ğŸ¤,U+1F910,neutral
34,ğŸ¤¨,U+1F928,neutral
35,ğŸ˜,U+1F610,neutral
36,ğŸ˜‘,U+1F611,neutral
37,ğŸ˜¶,U+1F636,neutral
38,ğŸ˜¶â€ğŸŒ«ï¸,U+1F636,neutral
39,ğŸ˜,U+1F60F,happy
40,ğŸ˜’,U+1F612,sad
41,ğŸ™„,U+1F644,sad
42,ğŸ˜¬,U+1F62C,sad
43,ğŸ˜®â€ğŸ’¨,U+1F62E,sad
44,ğŸ¤¥,U+1F925,neutral
45,ğŸ˜Œ,U+1F60C,happy
46,ğŸ˜”,U+1F614,sad
47,ğŸ˜ª,U+1F62A,neutral
48,ğŸ¤¤,U+1F924,happy
49,ğŸ˜´,U+1F634,neutral
50,ğŸ˜·,U+1F637,sick
51,ğŸ¤’,U+1F912,sick
52,ğŸ¤•,U+1F915,sick
53,ğŸ¤¢,U+1F922,sick
54,ğŸ¤®,U+1F92E,sick
55,ğŸ¤§,U+1F927,sick
56,ğŸ¥µ,U+1F975,sick
57,ğŸ¥¶,U+1F976,sick
58,ğŸ¥´,U+1F974,sick
59,ğŸ˜µ,U+1F635,sick
60,ğŸ˜µâ€ğŸ’«,U+1F635 U+200D U+1F4AB,sick
61,ğŸ¤¯,U+1F92F,surprised
62,ğŸ¤ ,U+1F920,happy
63,ğŸ¥³,U+1F973,happy
64,ğŸ¥¸,U+1F978,neutral
65,ğŸ˜,U+1F60E,happy
66,ğŸ¤“,U+1F913,happy
67,ğŸ§,U+1F9D0,neutral
68,ğŸ˜•,U+1F615,surprised
69,ğŸ˜Ÿ,U+1F61F,sad
70,ğŸ™,U+1F641,sad
71,â˜¹,U+2639,sad
72,ğŸ˜®,U+1F62E,surprised
73,ğŸ˜¯,U+1F62F,surprised
74,ğŸ˜²,U+1F632,surprised
75,ğŸ˜³,U+1F633,surprised
76,ğŸ¥º,U+1F97A,sad
77,ğŸ˜¦,U+1F626,surprised
78,ğŸ˜§,U+1F627,fear
79,ğŸ˜¨,U+1F628,fear
80,ğŸ˜°,U+1F630,fear
81,ğŸ˜¥,U+1F625,sad
82,ğŸ˜¢,U+1F622,sad
83,ğŸ˜­,U+1F62D,sad
84,ğŸ˜±,U+1F631,surprised
85,ğŸ˜–,U+1F616,fear
86,ğŸ˜£,U+1F623,fear
87,ğŸ˜,U+1F61E,sad
88,ğŸ˜“,U+1F613,fear
89,ğŸ˜©,U+1F629,sad
90,ğŸ˜«,U+1F62B,sad
91,ğŸ¥±,U+1F971,neutral
92,ğŸ˜¤,U+1F624,angry
93,ğŸ˜¡,U+1F621,angry
94,ğŸ˜ ,U+1F620,angry
95,ğŸ¤¬,U+1F92C,angry
96,ğŸ˜ˆ,U+1F608,angry
97,ğŸ‘¿,U+1F47F,angry
98,ğŸ’€,U+1F480,fear
99,â˜ ,U+2620,fear
105,ğŸ‘½,U+1F47D,alien
106,ğŸ‘¾,U+1F47E,alien
107,ğŸ¤–,U+1F916,robot
108,ğŸ˜º,U+1F63A,cat
109,ğŸ˜¸,U+1F638,cat
110,ğŸ˜¹,U+1F639,cat
111,ğŸ˜»,U+1F63B,cat
112,ğŸ˜¼,U+1F63C,cat
113,ğŸ˜½,U+1F63D,cat
114,ğŸ™€,U+1F640,cat
115,ğŸ˜¿,U+1F63F,cat
116,ğŸ˜¾,U+1F63E,cat
117,ğŸ™ˆ,U+1F648,animal
118,ğŸ™‰,U+1F649,animal
119,ğŸ™Š,U+1F64A,animal
120,ğŸ’‹,U+1F48B,love
121,ğŸ’Œ,U+1F48C,love
122,ğŸ’˜,U+1F498,heart
123,ğŸ’,U+1F49D,heart
124,ğŸ’–,U+1F496,heart
125,ğŸ’—,U+1F497,heart
126,ğŸ’“,U+1F493,heart
127,ğŸ’,U+1F49E,heart
128,ğŸ’•,U+1F495,heart
129,ğŸ’Ÿ,U+1F49F,heart
130,â£,U+2763,heart
131,ğŸ’”,U+1F494,heart
132,â¤ï¸â€ğŸ”¥,U+1F525,heart
134,â¤,U+2764,heart
135,ğŸ§¡,U+1F9E1,heart
136,ğŸ’›,U+1F49B,heart
137,ğŸ’š,U+1F49A,heart
138,ğŸ’™,U+1F499,heart
139,ğŸ’œ,U+1F49C,heart
140,ğŸ¤,U+1F90E,heart
141,ğŸ–¤,U+1F5A4,heart
142,ğŸ¤,U+1F90D,heart
143,ğŸ’¯,U+1F4AF,number
144,ğŸ’¢,U+1F4A2,angry
145,ğŸ’¥,U+1F4A5,effect
146,ğŸ’«,U+1F4AB,effect
147,ğŸ’¦,U+1F4A6,effect
148,ğŸ’¨,U+1F4A8,effect
149,ğŸ•³,U+1F573,object
150,ğŸ’£,U+1F4A3,object
151,ğŸ’¬,U+1F4AC,object
153,ğŸ—¨,U+1F5E8,object
154,ğŸ—¯,U+1F5EF,object
155,ğŸ’­,U+1F4AD,object
156,ğŸ’¤,U+1F4A4,action
157,ğŸ‘‹,U+1F44B,hand
158,ğŸ¤š,U+1F91A,hand
159,ğŸ–,U+1F590,hand
160,âœ‹,U+270B,hand
161,ğŸ––,U+1F596,hand
162,ğŸ‘Œ,U+1F44C,hand
163,ğŸ¤Œ,U+1F90C,hand
164,ğŸ¤,U+1F90F,hand
165,âœŒ,U+270C,hand
166,ğŸ¤,U+1F91E,hand
167,ğŸ¤Ÿ,U+1F91F,hand
168,ğŸ¤˜,U+1F918,hand
169,ğŸ¤™,U+1F919,hand
170,ğŸ‘ˆ,U+1F448,hand
171,ğŸ‘‰,U+1F449,hand
172,ğŸ‘†,U+1F446,hand
173,ğŸ–•,U+1F595,hand
174,ğŸ‘‡,U+1F447,hand
175,â˜,U+261D,hand
176,ğŸ‘,U+1F44D,hand
177,ğŸ‘,U+1F44E,hand
178,âœŠ,U+270A,hand
179,ğŸ‘Š,U+1F44A,hand
180,ğŸ¤›,U+1F91B,hand
181,ğŸ¤œ,U+1F91C,hand
182,ğŸ‘,U+1F44F,hand
183,ğŸ™Œ,U+1F64C,hand
184,ğŸ‘,U+1F450,hand
185,ğŸ¤²,U+1F932,hand
186,ğŸ¤,U+1F91D,hand
187,ğŸ™,U+1F64F,hand
188,âœ,U+270D,hand
189,ğŸ’…,U+1F485,hand
190,ğŸ¤³,U+1F933,hand
191,ğŸ’ª,U+1F4AA,body
192,ğŸ¦¾,U+1F9BE,body
193,ğŸ¦¿,U+1F9BF,body
194,ğŸ¦µ,U+1F9B5,body
195,ğŸ¦¶,U+1F9B6,body
196,ğŸ‘‚,U+1F442,body
197,ğŸ¦»,U+1F9BB,body
198,ğŸ‘ƒ,U+1F443,body
199,ğŸ§ ,U+1F9E0,body
200,ğŸ«€,U+1FAC0,body
201,ğŸ«,U+1FAC1,body
202,ğŸ¦·,U+1F9B7,body
203,ğŸ¦´,U+1F9B4,body
204,ğŸ‘€,U+1F440,body
205,ğŸ‘,U+1F441,body
206,ğŸ‘…,U+1F445,body
207,ğŸ‘„,U+1F444,body
208,ğŸ‘¶,U+1F476,person
209,ğŸ§’,U+1F9D2,person
210,ğŸ‘¦,U+1F466,person
211,ğŸ‘§,U+1F467,person
212,ğŸ§‘,U+1F9D1,person
213,ğŸ‘±,U+1F471,person
214,ğŸ‘¨,U+1F468,person
215,ğŸ§”,U+1F9D4,person
216,ğŸ§”â€â™‚ï¸,U+1F9D4,person
217,ğŸ§”â€â™€ï¸,U+1F9D4,person
218,ğŸ‘¨â€ğŸ¦°,U+1F468,person
219,ğŸ‘¨â€ğŸ¦±,U+1F468,person
220,ğŸ‘¨â€ğŸ¦³,U+1F468,person
221,ğŸ‘¨â€ğŸ¦²,U+1F468,person
222,ğŸ‘©,U+1F469,person
223,ğŸ‘©â€ğŸ¦°,U+1F469,person
224,ğŸ§‘â€ğŸ¦°,U+1F9D1,person
225,ğŸ‘©â€ğŸ¦±,U+1F469,person
226,ğŸ§‘â€ğŸ¦±,U+1F9D1,person
227,ğŸ‘©â€ğŸ¦³,U+1F469,person
228,ğŸ§‘â€ğŸ¦³,U+1F9D1,person
229,ğŸ‘©â€ğŸ¦²,U+1F469,person
230,ğŸ§‘â€ğŸ¦²,U+1F9D1,person
231,ğŸ‘±â€â™€ï¸,U+1F471,person
232,ğŸ‘±â€â™‚ï¸,U+1F471,person
233,ğŸ§“,U+1F9D3,person
234,ğŸ‘´,U+1F474,person
235,ğŸ‘µ,U+1F475,person
236,ğŸ™,U+1F64D,person
237,ğŸ™â€â™‚ï¸,U+1F64D,person
238,ğŸ™â€â™€ï¸,U+1F64D U+200D U+2640 U+FE0F,person
239,ğŸ™,U+1F64E,person
240,ğŸ™â€â™‚ï¸,U+1F64E U+200D U+2642 U+FE0F,person
241,ğŸ™â€â™€ï¸,U+1F64E U+200D U+2640 U+FE0F,person
242,ğŸ™…,U+1F645,person
243,ğŸ™…â€â™‚ï¸,U+1F645 U+200D U+2642 U+FE0F,person
244,ğŸ™…â€â™€ï¸,U+1F645 U+200D U+2640 U+FE0F,person
245,ğŸ™†,U+1F646,person
246,ğŸ™†â€â™‚ï¸,U+1F646 U+200D U+2642 U+FE0F,person
247,ğŸ™†â€â™€ï¸,U+1F646 U+200D U+2640 U+FE0F,person
248,ğŸ’,U+1F481,person
249,ğŸ’â€â™‚ï¸,U+1F481 U+200D U+2642 U+FE0F,person
250,ğŸ’â€â™€ï¸,U+1F481 U+200D U+2640 U+FE0F,person
251,ğŸ™‹,U+1F64B,person
252,ğŸ™‹â€â™‚ï¸,U+1F64B U+200D U+2642 U+FE0F,person
253,ğŸ™‹â€â™€ï¸,U+1F64B U+200D U+2640 U+FE0F,person
254,ğŸ§,U+1F9CF,person
255,ğŸ§â€â™‚ï¸,U+1F9CF U+200D U+2642 U+FE0F,person
256,ğŸ§â€â™€ï¸,U+1F9CF U+200D U+2640 U+FE0F,person
257,ğŸ™‡,U+1F647,person
258,ğŸ™‡â€â™‚ï¸,U+1F647 U+200D U+2642 U+FE0F,person
259,ğŸ™‡â€â™€ï¸,U+1F647 U+200D U+2640 U+FE0F,person
260,ğŸ¤¦,U+1F926,person
261,ğŸ¤¦â€â™‚ï¸,U+1F926 U+200D U+2642 U+FE0F,person
262,ğŸ¤¦â€â™€ï¸,U+1F926 U+200D U+2640 U+FE0F,person
263,ğŸ¤·,U+1F937,person
264,ğŸ¤·â€â™‚ï¸,U+1F937 U+200D U+2642 U+FE0F,person
265,ğŸ¤·â€â™€ï¸,U+1F937 U+200D U+2640 U+FE0F,person
266,ğŸ§‘â€âš•ï¸,U+1F9D1 U+200D U+2695 U+FE0F,profession
267,ğŸ‘¨â€âš•ï¸,U+1F468 U+200D U+2695 U+FE0F,profession
268,ğŸ‘©â€âš•ï¸,U+1F469 U+200D U+2695 U+FE0F,profession
269,ğŸ§‘â€ğŸ“,U+1F9D1 U+200D U+1F393,profession
270,ğŸ‘¨â€ğŸ“,U+1F468 U+200D U+1F393,profession
271,ğŸ‘©â€ğŸ“,U+1F469 U+200D U+1F393,profession
272,ğŸ§‘â€ğŸ«,U+1F9D1 U+200D U+1F3EB,profession
273,ğŸ‘¨â€ğŸ«,U+1F468 U+200D U+1F3EB,profession
274,ğŸ‘©â€ğŸ«,U+1F469 U+200D U+1F3EB,profession
275,ğŸ§‘â€âš–ï¸,U+1F9D1 U+200D U+2696 U+FE0F,profession
276,ğŸ‘¨â€âš–ï¸,U+1F468 U+200D U+2696 U+FE0F,profession
277,ğŸ‘©â€âš–ï¸,U+1F469 U+200D U+2696 U+FE0F,profession
278,ğŸ§‘â€ğŸŒ¾,U+1F9D1 U+200D U+1F33E,profession
279,ğŸ‘¨â€ğŸŒ¾,U+1F468 U+200D U+1F33E,profession
280,ğŸ‘©â€ğŸŒ¾,U+1F469 U+200D U+1F33E,profession
281,ğŸ§‘â€ğŸ³,U+1F9D1 U+200D U+1F373,profession
282,ğŸ‘¨â€ğŸ³,U+1F468 U+200D U+1F373,profession
283,ğŸ‘©â€ğŸ³,U+1F469 U+200D U+1F373,profession
284,ğŸ§‘â€ğŸ”§,U+1F9D1 U+200D U+1F527,profession
285,ğŸ‘¨â€ğŸ”§,U+1F468 U+200D U+1F527,profession
286,ğŸ‘©â€ğŸ”§,U+1F469 U+200D U+1F527,profession
287,ğŸ§‘â€ğŸ­,U+1F9D1 U+200D U+1F3ED,profession
288,ğŸ‘¨â€ğŸ­,U+1F468 U+200D U+1F3ED,profession
289,ğŸ‘©â€ğŸ­,U+1F469 U+200D U+1F3ED,profession
290,ğŸ§‘â€ğŸ’¼,U+1F9D1 U+200D U+1F4BC,profession
291,ğŸ‘¨â€ğŸ’¼,U+1F468 U+200D U+1F4BC,profession
292,ğŸ‘©â€ğŸ’¼,U+1F469 U+200D U+1F4BC,profession
293,ğŸ§‘â€ğŸ”¬,U+1F9D1 U+200D U+1F52C,profession
294,ğŸ‘¨â€ğŸ”¬,U+1F468 U+200D U+1F52C,profession
295,ğŸ‘©â€ğŸ”¬,U+1F469 U+200D U+1F52C,profession
296,ğŸ§‘â€ğŸ’»,U+1F9D1 U+200D U+1F4BB,profession
297,ğŸ‘¨â€ğŸ’»,U+1F468 U+200D U+1F4BB,profession
298,ğŸ‘©â€ğŸ’»,U+1F469 U+200D U+1F4BB,profession
299,ğŸ§‘â€ğŸ¤,U+1F9D1 U+200D U+1F3A4,profession
300,ğŸ‘¨â€ğŸ¤,U+1F468 U+200D U+1F3A4,profession
301,ğŸ‘©â€ğŸ¤,U+1F469 U+200D U+1F3A4,profession
302,ğŸ§‘â€ğŸ¨,U+1F9D1 U+200D U+1F3A8,profession
303,ğŸ‘¨â€ğŸ¨,U+1F468 U+200D U+1F3A8,profession
304,ğŸ‘©â€ğŸ¨,U+1F469 U+200D U+1F3A8,profession
305,ğŸ§‘â€âœˆï¸,U+1F9D1 U+200D U+2708 U+FE0F,profession
306,ğŸ‘¨â€âœˆï¸,U+1F468 U+200D U+2708 U+FE0F,profession
307,ğŸ‘©â€âœˆï¸,U+1F469 U+200D U+2708 U+FE0F,profession
308,ğŸ§‘â€ğŸš€,U+1F9D1 U+200D U+1F680,profession
309,ğŸ‘¨â€ğŸš€,U+1F468 U+200D U+1F680,profession
310,ğŸ‘©â€ğŸš€,U+1F469 U+200D U+1F680,profession
311,ğŸ§‘â€ğŸš’,U+1F9D1 U+200D U+1F692,profession
312,ğŸ‘¨â€ğŸš’,U+1F468 U+200D U+1F692,profession
313,ğŸ‘©â€ğŸš’,U+1F469 U+200D U+1F692,profession
314,ğŸ‘®,U+1F46E,profession
315,ğŸ‘®â€â™‚ï¸,U+1F46E U+200D U+2642 U+FE0F,profession
316,ğŸ‘®â€â™€ï¸,U+1F46E U+200D U+2640 U+FE0F,profession
317,ğŸ•µ,U+1F575,profession
318,ğŸ•µï¸â€â™‚ï¸,U+1F575 U+FE0F U+200D U+2642 U+FE0F,profession
319,ğŸ•µï¸â€â™€ï¸,U+1F575 U+FE0F U+200D U+2640 U+FE0F,profession
320,ğŸ’‚,U+1F482,profession
321,ğŸ’‚â€â™‚ï¸,U+1F482 U+200D U+2642 U+FE0F,profession
322,ğŸ’‚â€â™€ï¸,U+1F482 U+200D U+2640 U+FE0F,profession
323,ğŸ¥·,U+1F977,profession
324,ğŸ‘·,U+1F477,profession
325,ğŸ‘·â€â™‚ï¸,U+1F477 U+200D U+2642 U+FE0F,profession
326,ğŸ‘·â€â™€ï¸,U+1F477 U+200D U+2640 U+FE0F,profession
327,ğŸ¤´,U+1F934,profession
328,ğŸ‘¸,U+1F478,profession
329,ğŸ‘³,U+1F473,profession
330,ğŸ‘³â€â™‚ï¸,U+1F473 U+200D U+2642 U+FE0F,person
331,ğŸ‘³â€â™€ï¸,U+1F473 U+200D U+2640 U+FE0F,person
332,ğŸ‘²,U+1F472,person
333,ğŸ§•,U+1F9D5,person
334,ğŸ¤µ,U+1F935,person
335,ğŸ¤µâ€â™‚ï¸,U+1F935 U+200D U+2642 U+FE0F,person
336,ğŸ¤µâ€â™€ï¸,U+1F935 U+200D U+2640 U+FE0F,person
337,ğŸ‘°,U+1F470,person
338,ğŸ‘°â€â™‚ï¸,U+1F470 U+200D U+2642 U+FE0F,person
339,ğŸ‘°â€â™€ï¸,U+1F470 U+200D U+2640 U+FE0F,person
340,ğŸ¤°,U+1F930,person
341,ğŸ¤±,U+1F931,person
342,ğŸ‘©â€ğŸ¼,U+1F469 U+200D U+1F37C,person
343,ğŸ‘¨â€ğŸ¼,U+1F468 U+200D U+1F37C,person
344,ğŸ§‘â€ğŸ¼,U+1F9D1 U+200D U+1F37C,person
345,ğŸ‘¼,U+1F47C,person
346,ğŸ…,U+1F385,person
347,ğŸ¤¶,U+1F936,person
348,ğŸ§‘â€ğŸ„,U+1F9D1 U+200D U+1F384,person
349,ğŸ¦¸,U+1F9B8,profession
350,ğŸ¦¸â€â™‚ï¸,U+1F9B8 U+200D U+2642 U+FE0F,profession
351,ğŸ¦¸â€â™€ï¸,U+1F9B8 U+200D U+2640 U+FE0F,profession
352,ğŸ¦¹,U+1F9B9,profession
353,ğŸ¦¹â€â™‚ï¸,U+1F9B9 U+200D U+2642 U+FE0F,profession
354,ğŸ¦¹â€â™€ï¸,U+1F9B9 U+200D U+2640 U+FE0F,profession
355,ğŸ§™,U+1F9D9,profession
356,ğŸ§™â€â™‚ï¸,U+1F9D9 U+200D U+2642 U+FE0F,profession
357,ğŸ§™â€â™€ï¸,U+1F9D9 U+200D U+2640 U+FE0F,profession
358,ğŸ§š,U+1F9DA,profession
359,ğŸ§šâ€â™‚ï¸,U+1F9DA U+200D U+2642 U+FE0F,profession
360,ğŸ§šâ€â™€ï¸,U+1F9DA U+200D U+2640 U+FE0F,profession
361,ğŸ§›,U+1F9DB,profession
362,ğŸ§›â€â™‚ï¸,U+1F9DB U+200D U+2642 U+FE0F,profession
363,ğŸ§›â€â™€ï¸,U+1F9DB U+200D U+2640 U+FE0F,profession
364,ğŸ§œ,U+1F9DC,profession
365,ğŸ§œâ€â™‚ï¸,U+1F9DC U+200D U+2642 U+FE0F,profession
366,ğŸ§œâ€â™€ï¸,U+1F9DC U+200D U+2640 U+FE0F,profession
367,ğŸ§,U+1F9DD,profession
368,ğŸ§â€â™‚ï¸,U+1F9DD U+200D U+2642 U+FE0F,profession
369,ğŸ§â€â™€ï¸,U+1F9DD U+200D U+2640 U+FE0F,profession
370,ğŸ§,U+1F9DE,profession
371,ğŸ§â€â™‚ï¸,U+1F9DE U+200D U+2642 U+FE0F,profession
372,ğŸ§â€â™€ï¸,U+1F9DE U+200D U+2640 U+FE0F,profession
373,ğŸ§Ÿ,U+1F9DF,profession
374,ğŸ§Ÿâ€â™‚ï¸,U+1F9DF U+200D U+2642 U+FE0F,profession
375,ğŸ§Ÿâ€â™€ï¸,U+1F9DF U+200D U+2640 U+FE0F,profession
376,ğŸ’†,U+1F486,person
377,ğŸ’†â€â™‚ï¸,U+1F486 U+200D U+2642 U+FE0F,person
378,ğŸ’†â€â™€ï¸,U+1F486 U+200D U+2640 U+FE0F,person
379,ğŸ’‡,U+1F487,person
380,ğŸ’‡â€â™‚ï¸,U+1F487 U+200D U+2642 U+FE0F,person
381,ğŸ’‡â€â™€ï¸,U+1F487 U+200D U+2640 U+FE0F,person
382,ğŸš¶,U+1F6B6,action
383,ğŸš¶â€â™‚ï¸,U+1F6B6 U+200D U+2642 U+FE0F,action
384,ğŸš¶â€â™€ï¸,U+1F6B6 U+200D U+2640 U+FE0F,action
385,ğŸ§,U+1F9CD,action
386,ğŸ§â€â™‚ï¸,U+1F9CD U+200D U+2642 U+FE0F,action
387,ğŸ§â€â™€ï¸,U+1F9CD U+200D U+2640 U+FE0F,action
388,ğŸ§,U+1F9CE,action
389,ğŸ§â€â™‚ï¸,U+1F9CE U+200D U+2642 U+FE0F,action
390,ğŸ§â€â™€ï¸,U+1F9CE U+200D U+2640 U+FE0F,action
391,ğŸ§‘â€ğŸ¦¯,U+1F9D1 U+200D U+1F9AF,action
392,ğŸ‘¨â€ğŸ¦¯,U+1F468 U+200D U+1F9AF,action
393,ğŸ‘©â€ğŸ¦¯,U+1F469 U+200D U+1F9AF,action
394,ğŸ§‘â€ğŸ¦¼,U+1F9D1 U+200D U+1F9BC,action
395,ğŸ‘¨â€ğŸ¦¼,U+1F468 U+200D U+1F9BC,action
396,ğŸ‘©â€ğŸ¦¼,U+1F469 U+200D U+1F9BC,action
397,ğŸ§‘â€ğŸ¦½,U+1F9D1 U+200D U+1F9BD,action
398,ğŸ‘¨â€ğŸ¦½,U+1F468 U+200D U+1F9BD,action
399,ğŸ‘©â€ğŸ¦½,U+1F469 U+200D U+1F9BD,action
400,ğŸƒ,U+1F3C3,action
401,ğŸƒâ€â™‚ï¸,U+1F3C3 U+200D U+2642 U+FE0F,action
402,ğŸƒâ€â™€ï¸,U+1F3C3 U+200D U+2640 U+FE0F,action
403,ğŸ’ƒ,U+1F483,action
404,ğŸ•º,U+1F57A,action
405,ğŸ•´,U+1F574,action
406,ğŸ‘¯,U+1F46F,action
407,ğŸ‘¯â€â™‚ï¸,U+1F46F U+200D U+2642 U+FE0F,action
408,ğŸ‘¯â€â™€ï¸,U+1F46F U+200D U+2640 U+FE0F,action
409,ğŸ§–,U+1F9D6,action
410,ğŸ§–â€â™‚ï¸,U+1F9D6 U+200D U+2642 U+FE0F,action
411,ğŸ§–â€â™€ï¸,U+1F9D6 U+200D U+2640 U+FE0F,action
412,ğŸ§—,U+1F9D7,action
413,ğŸ§—â€â™‚ï¸,U+1F9D7 U+200D U+2642 U+FE0F,action
414,ğŸ§—â€â™€ï¸,U+1F9D7 U+200D U+2640 U+FE0F,action
415,ğŸ¤º,U+1F93A,action
416,ğŸ‡,U+1F3C7,action
417,â›·,U+26F7,action
418,ğŸ‚,U+1F3C2,action
419,ğŸŒ,U+1F3CC,action
420,ğŸŒï¸â€â™‚ï¸,U+1F3CC U+FE0F U+200D U+2642 U+FE0F,action
421,ğŸŒï¸â€â™€ï¸,U+1F3CC U+FE0F U+200D U+2640 U+FE0F,action
422,ğŸ„,U+1F3C4,action
423,ğŸ„â€â™‚ï¸,U+1F3C4 U+200D U+2642 U+FE0F,action
424,ğŸ„â€â™€ï¸,U+1F3C4 U+200D U+2640 U+FE0F,action
425,ğŸš£,U+1F6A3,action
426,ğŸš£â€â™‚ï¸,U+1F6A3 U+200D U+2642 U+FE0F,action
427,ğŸš£â€â™€ï¸,U+1F6A3 U+200D U+2640 U+FE0F,action
428,ğŸŠ,U+1F3CA,action
429,ğŸŠâ€â™‚ï¸,U+1F3CA U+200D U+2642 U+FE0F,action
430,ğŸŠâ€â™€ï¸,U+1F3CA U+200D U+2640 U+FE0F,action
431,â›¹,U+26F9,action
432,â›¹ï¸â€â™‚ï¸,U+26F9 U+FE0F U+200D U+2642 U+FE0F,action
433,â›¹ï¸â€â™€ï¸,U+26F9 U+FE0F U+200D U+2640 U+FE0F,action
434,ğŸ‹,U+1F3CB,action
435,ğŸ‹ï¸â€â™‚ï¸,U+1F3CB U+FE0F U+200D U+2642 U+FE0F,action
436,ğŸ‹ï¸â€â™€ï¸,U+1F3CB U+FE0F U+200D U+2640 U+FE0F,action
437,ğŸš´,U+1F6B4,action
438,ğŸš´â€â™‚ï¸,U+1F6B4 U+200D U+2642 U+FE0F,action
439,ğŸš´â€â™€ï¸,U+1F6B4 U+200D U+2640 U+FE0F,action
440,ğŸšµ,U+1F6B5,action
441,ğŸšµâ€â™‚ï¸,U+1F6B5 U+200D U+2642 U+FE0F,action
442,ğŸšµâ€â™€ï¸,U+1F6B5 U+200D U+2640 U+FE0F,action
443,ğŸ¤¸,U+1F938,action
444,ğŸ¤¸â€â™‚ï¸,U+1F938 U+200D U+2642 U+FE0F,action
445,ğŸ¤¸â€â™€ï¸,U+1F938 U+200D U+2640 U+FE0F,action
446,ğŸ¤¼,U+1F93C,action
447,ğŸ¤¼â€â™‚ï¸,U+1F93C U+200D U+2642 U+FE0F,action
448,ğŸ¤¼â€â™€ï¸,U+1F93C U+200D U+2640 U+FE0F,action
449,ğŸ¤½,U+1F93D,action
450,ğŸ¤½â€â™‚ï¸,U+1F93D U+200D U+2642 U+FE0F,action
451,ğŸ¤½â€â™€ï¸,U+1F93D U+200D U+2640 U+FE0F,action
452,ğŸ¤¾,U+1F93E,action
453,ğŸ¤¾â€â™‚ï¸,U+1F93E U+200D U+2642 U+FE0F,action
454,ğŸ¤¾â€â™€ï¸,U+1F93E U+200D U+2640 U+FE0F,action
455,ğŸ¤¹,U+1F939,action
456,ğŸ¤¹â€â™‚ï¸,U+1F939 U+200D U+2642 U+FE0F,action
457,ğŸ¤¹â€â™€ï¸,U+1F939 U+200D U+2640 U+FE0F,action
458,ğŸ§˜,U+1F9D8,action
459,ğŸ§˜â€â™‚ï¸,U+1F9D8 U+200D U+2642 U+FE0F,action
460,ğŸ§˜â€â™€ï¸,U+1F9D8 U+200D U+2640 U+FE0F,action
461,ğŸ›€,U+1F6C0,action
462,ğŸ›Œ,U+1F6CC,action
463,ğŸ§‘â€ğŸ¤â€ğŸ§‘,U+1F9D1 U+200D U+1F91D U+200D U+1F9D1,action
464,ğŸ‘­,U+1F46D,action
465,ğŸ‘«,U+1F46B,action
466,ğŸ‘¬,U+1F46C,action
467,ğŸ’,U+1F48F,love
468,ğŸ‘©â€â¤ï¸â€ğŸ’‹â€ğŸ‘¨,U+1F469 U+200D U+2764 U+FE0F U+200D U+1F48B U+200D U+1F468,love
469,ğŸ‘¨â€â¤ï¸â€ğŸ’‹â€ğŸ‘¨,U+1F468 U+200D U+2764 U+FE0F U+200D U+1F48B U+200D U+1F468,love
470,ğŸ‘©â€â¤ï¸â€ğŸ’‹â€ğŸ‘©,U+1F469 U+200D U+2764 U+FE0F U+200D U+1F48B U+200D U+1F469,love
471,ğŸ’‘,U+1F491,love
472,ğŸ‘©â€â¤ï¸â€ğŸ‘¨,U+1F469 U+200D U+2764 U+FE0F U+200D U+1F468,love
473,ğŸ‘¨â€â¤ï¸â€ğŸ‘¨,U+1F468 U+200D U+2764 U+FE0F U+200D U+1F468,love
474,ğŸ‘©â€â¤ï¸â€ğŸ‘©,U+1F469 U+200D U+2764 U+FE0F U+200D U+1F469,love
475,ğŸ‘ª,U+1F46A,family
476,ğŸ‘¨â€ğŸ‘©â€ğŸ‘¦,U+1F468 U+200D U+1F469 U+200D U+1F466,family
477,ğŸ‘¨â€ğŸ‘©â€ğŸ‘§,U+1F468 U+200D U+1F469 U+200D U+1F467,family
478,ğŸ‘¨â€ğŸ‘©â€ğŸ‘§â€ğŸ‘¦,U+1F468 U+200D U+1F469 U+200D U+1F467 U+200D U+1F466,family
479,ğŸ‘¨â€ğŸ‘©â€ğŸ‘¦â€ğŸ‘¦,U+1F468 U+200D U+1F469 U+200D U+1F466 U+200D U+1F466,family
480,ğŸ‘¨â€ğŸ‘©â€ğŸ‘§â€ğŸ‘§,U+1F468 U+200D U+1F469 U+200D U+1F467 U+200D U+1F467,family
481,ğŸ‘¨â€ğŸ‘¨â€ğŸ‘¦,U+1F468 U+200D U+1F468 U+200D U+1F466,family
482,ğŸ‘¨â€ğŸ‘¨â€ğŸ‘§,U+1F468 U+200D U+1F468 U+200D U+1F467,family
483,ğŸ‘¨â€ğŸ‘¨â€ğŸ‘§â€ğŸ‘¦,U+1F468 U+200D U+1F468 U+200D U+1F467 U+200D U+1F466,family
484,ğŸ‘¨â€ğŸ‘¨â€ğŸ‘¦â€ğŸ‘¦,U+1F468 U+200D U+1F468 U+200D U+1F466 U+200D U+1F466,family
485,ğŸ‘¨â€ğŸ‘¨â€ğŸ‘§â€ğŸ‘§,U+1F468 U+200D U+1F468 U+200D U+1F467 U+200D U+1F467,family
486,ğŸ‘©â€ğŸ‘©â€ğŸ‘¦,U+1F469 U+200D U+1F469 U+200D U+1F466,family
487,ğŸ‘©â€ğŸ‘©â€ğŸ‘§,U+1F469 U+200D U+1F469 U+200D U+1F467,family
488,ğŸ‘©â€ğŸ‘©â€ğŸ‘§â€ğŸ‘¦,U+1F469 U+200D U+1F469 U+200D U+1F467 U+200D U+1F466,family
489,ğŸ‘©â€ğŸ‘©â€ğŸ‘¦â€ğŸ‘¦,U+1F469 U+200D U+1F469 U+200D U+1F466 U+200D U+1F466,family
490,ğŸ‘©â€ğŸ‘©â€ğŸ‘§â€ğŸ‘§,U+1F469 U+200D U+1F469 U+200D U+1F467 U+200D U+1F467,family
491,ğŸ‘¨â€ğŸ‘¦,U+1F468 U+200D U+1F466,family
492,ğŸ‘¨â€ğŸ‘¦â€ğŸ‘¦,U+1F468 U+200D U+1F466 U+200D U+1F466,family
493,ğŸ‘¨â€ğŸ‘§,U+1F468 U+200D U+1F467,family
494,ğŸ‘¨â€ğŸ‘§â€ğŸ‘¦,U+1F468 U+200D U+1F467 U+200D U+1F466,family
495,ğŸ‘¨â€ğŸ‘§â€ğŸ‘§,U+1F468 U+200D U+1F467 U+200D U+1F467,family
496,ğŸ‘©â€ğŸ‘¦,U+1F469 U+200D U+1F466,family
497,ğŸ‘©â€ğŸ‘¦â€ğŸ‘¦,U+1F469 U+200D U+1F466 U+200D U+1F466,family
498,ğŸ‘©â€ğŸ‘§,U+1F469 U+200D U+1F467,family
499,ğŸ‘©â€ğŸ‘§â€ğŸ‘¦,U+1F469 U+200D U+1F467 U+200D U+1F466,family
500,ğŸ‘©â€ğŸ‘§â€ğŸ‘§,U+1F469 U+200D U+1F467 U+200D U+1F467,family
501,ğŸ—£,U+1F5E3,action
502,ğŸ‘¤,U+1F464,person
503,ğŸ‘¥,U+1F465,person
504,ğŸ«‚,U+1FAC2,person
505,ğŸ‘£,U+1F463,body
506,ğŸ¦°,U+1F9B0,person
507,ğŸ¦±,U+1F9B1,person
508,ğŸ¦³,U+1F9B3,person
509,ğŸ¦²,U+1F9B2,person
510,ğŸµ,U+1F435,animal
511,ğŸ’,U+1F412,animal
512,ğŸ¦,U+1F98D,animal
513,ğŸ¦§,U+1F9A7,animal
514,ğŸ¶,U+1F436,animal
515,ğŸ•,U+1F415,animal
516,ğŸ¦®,U+1F9AE,animal
517,ğŸ•â€ğŸ¦º,U+1F415 U+200D U+1F9BA,animal
518,ğŸ©,U+1F429,animal
519,ğŸº,U+1F43A,animal
520,ğŸ¦Š,U+1F98A,animal
521,ğŸ¦,U+1F99D,animal
522,ğŸ±,U+1F431,animal
523,ğŸˆ,U+1F408,animal
524,ğŸˆâ€â¬›,U+1F408 U+200D U+2B1B,animal
525,ğŸ¦,U+1F981,animal
526,ğŸ¯,U+1F42F,animal
527,ğŸ…,U+1F405,animal
528,ğŸ†,U+1F406,animal
529,ğŸ´,U+1F434,animal
530,ğŸ,U+1F40E,animal
531,ğŸ¦„,U+1F984,animal
532,ğŸ¦“,U+1F993,animal
533,ğŸ¦Œ,U+1F98C,animal
534,ğŸ¦¬,U+1F9AC,animal
535,ğŸ®,U+1F42E,animal
536,ğŸ‚,U+1F402,animal
537,ğŸƒ,U+1F403,animal
538,ğŸ„,U+1F404,animal
539,ğŸ·,U+1F437,animal
540,ğŸ–,U+1F416,animal
541,ğŸ—,U+1F417,animal
542,ğŸ½,U+1F43D,animal
543,ğŸ,U+1F40F,animal
544,ğŸ‘,U+1F411,animal
545,ğŸ,U+1F410,animal
546,ğŸª,U+1F42A,animal
547,ğŸ«,U+1F42B,animal
548,ğŸ¦™,U+1F999,animal
549,ğŸ¦’,U+1F992,animal
550,ğŸ˜,U+1F418,animal
551,ğŸ¦£,U+1F9A3,animal
552,ğŸ¦,U+1F98F,animal
553,ğŸ¦›,U+1F99B,animal
554,ğŸ­,U+1F42D,animal
555,ğŸ,U+1F401,animal
556,ğŸ€,U+1F400,animal
557,ğŸ¹,U+1F439,animal
558,ğŸ°,U+1F430,animal
559,ğŸ‡,U+1F407,animal
560,ğŸ¿,U+1F43F,animal
561,ğŸ¦«,U+1F9AB,animal
562,ğŸ¦”,U+1F994,animal
563,ğŸ¦‡,U+1F987,animal
564,ğŸ»,U+1F43B,animal
565,ğŸ»â€â„ï¸,U+1F43B U+200D U+2744 U+FE0F,animal
566,ğŸ¨,U+1F428,animal
567,ğŸ¼,U+1F43C,animal
568,ğŸ¦¥,U+1F9A5,animal
569,ğŸ¦¦,U+1F9A6,animal
570,ğŸ¦¨,U+1F9A8,animal
571,ğŸ¦˜,U+1F998,animal
572,ğŸ¦¡,U+1F9A1,animal
573,ğŸ¾,U+1F43E,animal
574,ğŸ¦ƒ,U+1F983,animal
575,ğŸ”,U+1F414,animal
576,ğŸ“,U+1F413,animal
577,ğŸ£,U+1F423,animal
578,ğŸ¤,U+1F424,animal
579,ğŸ¥,U+1F425,animal
580,ğŸ¦,U+1F426,animal
581,ğŸ§,U+1F427,animal
582,ğŸ•Š,U+1F54A,animal
583,ğŸ¦…,U+1F985,animal
584,ğŸ¦†,U+1F986,animal
585,ğŸ¦¢,U+1F9A2,animal
586,ğŸ¦‰,U+1F989,animal
587,ğŸ¦¤,U+1F9A4,animal
588,ğŸª¶,U+1FAB6,animal
589,ğŸ¦©,U+1F9A9,animal
590,ğŸ¦š,U+1F99A,animal
591,ğŸ¦œ,U+1F99C,animal
592,ğŸ¸,U+1F438,animal
593,ğŸŠ,U+1F40A,animal
594,ğŸ¢,U+1F422,animal
595,ğŸ¦,U+1F98E,animal
596,ğŸ,U+1F40D,animal
597,ğŸ²,U+1F432,animal
598,ğŸ‰,U+1F409,animal
599,ğŸ¦•,U+1F995,animal
600,ğŸ¦–,U+1F996,animal
601,ğŸ³,U+1F433,animal
602,ğŸ‹,U+1F40B,animal
603,ğŸ¬,U+1F42C,animal
604,ğŸ¦­,U+1F9AD,animal
605,ğŸŸ,U+1F41F,animal
606,ğŸ ,U+1F420,animal
607,ğŸ¡,U+1F421,animal
608,ğŸ¦ˆ,U+1F988,animal
609,ğŸ™,U+1F419,animal
610,ğŸš,U+1F41A,animal
611,ğŸŒ,U+1F40C,insect
612,ğŸ¦‹,U+1F98B,insect
613,ğŸ›,U+1F41B,insect
614,ğŸœ,U+1F41C,insect
615,ğŸ,U+1F41D,insect
616,ğŸª²,U+1FAB2,insect
617,ğŸ,U+1F41E,insect
618,ğŸ¦—,U+1F997,insect
619,ğŸª³,U+1FAB3,insect
620,ğŸ•·,U+1F577,insect
621,ğŸ•¸,U+1F578,insect
622,ğŸ¦‚,U+1F982,insect
623,ğŸ¦Ÿ,U+1F99F,insect
624,ğŸª°,U+1FAB0,insect
625,ğŸª±,U+1FAB1,insect
626,ğŸ¦ ,U+1F9A0,insect
627,ğŸ’,U+1F490,insect
628,ğŸŒ¸,U+1F338,plant
629,ğŸ’®,U+1F4AE,plant
630,ğŸµ,U+1F3F5,plant
631,ğŸŒ¹,U+1F339,plant
632,ğŸ¥€,U+1F940,plant
633,ğŸŒº,U+1F33A,plant
634,ğŸŒ»,U+1F33B,plant
635,ğŸŒ¼,U+1F33C,plant
636,ğŸŒ·,U+1F337,plant
637,ğŸŒ±,U+1F331,plant
638,ğŸª´,U+1FAB4,plant
639,ğŸŒ²,U+1F332,plant
640,ğŸŒ³,U+1F333,plant
641,ğŸŒ´,U+1F334,plant
642,ğŸŒµ,U+1F335,plant
643,ğŸŒ¾,U+1F33E,plant
644,ğŸŒ¿,U+1F33F,plant
645,â˜˜,U+2618,plant
646,ğŸ€,U+1F340,plant
647,ğŸ,U+1F341,plant
648,ğŸ‚,U+1F342,plant
649,ğŸƒ,U+1F343,plant
650,ğŸ‡,U+1F347,fruit
651,ğŸˆ,U+1F348,fruit
652,ğŸ‰,U+1F349,fruit
653,ğŸŠ,U+1F34A,fruit
654,ğŸ‹,U+1F34B,fruit
655,ğŸŒ,U+1F34C,fruit
656,ğŸ,U+1F34D,fruit
657,ğŸ¥­,U+1F96D,fruit
658,ğŸ,U+1F34E,fruit
659,ğŸ,U+1F34F,fruit
660,ğŸ,U+1F350,fruit
661,ğŸ‘,U+1F351,fruit
662,ğŸ’,U+1F352,fruit
663,ğŸ“,U+1F353,fruit
664,ğŸ«,U+1FAD0,fruit
665,ğŸ¥,U+1F95D,fruit
666,ğŸ…,U+1F345,fruit
667,ğŸ«’,U+1FAD2,fruit
668,ğŸ¥¥,U+1F965,fruit
669,ğŸ¥‘,U+1F951,fruit
670,ğŸ†,U+1F346,fruit
671,ğŸ¥”,U+1F954,fruit
672,ğŸ¥•,U+1F955,fruit
673,ğŸŒ½,U+1F33D,fruit
674,ğŸŒ¶,U+1F336,fruit
675,ğŸ«‘,U+1FAD1,fruit
676,ğŸ¥’,U+1F952,fruit
677,ğŸ¥¬,U+1F96C,fruit
678,ğŸ¥¦,U+1F966,fruit
679,ğŸ§„,U+1F9C4,fruit
680,ğŸ§…,U+1F9C5,fruit
681,ğŸ„,U+1F344,plant
682,ğŸ¥œ,U+1F95C,food
683,ğŸŒ°,U+1F330,food
684,ğŸ,U+1F35E,food
685,ğŸ¥,U+1F950,food
686,ğŸ¥–,U+1F956,food
687,ğŸ«“,U+1FAD3,food
688,ğŸ¥¨,U+1F968,food
689,ğŸ¥¯,U+1F96F,food
690,ğŸ¥,U+1F95E,food
691,ğŸ§‡,U+1F9C7,food
692,ğŸ§€,U+1F9C0,food
693,ğŸ–,U+1F356,food
694,ğŸ—,U+1F357,food
695,ğŸ¥©,U+1F969,food
696,ğŸ¥“,U+1F953,food
697,ğŸ”,U+1F354,food
698,ğŸŸ,U+1F35F,food
699,ğŸ•,U+1F355,food
700,ğŸŒ­,U+1F32D,food
701,ğŸ¥ª,U+1F96A,food
702,ğŸŒ®,U+1F32E,food
703,ğŸŒ¯,U+1F32F,food
704,ğŸ«”,U+1FAD4,food
705,ğŸ¥™,U+1F959,food
706,ğŸ§†,U+1F9C6,food
707,ğŸ¥š,U+1F95A,food
708,ğŸ³,U+1F373,food
709,ğŸ¥˜,U+1F958,food
710,ğŸ²,U+1F372,food
711,ğŸ«•,U+1FAD5,food
712,ğŸ¥£,U+1F963,food
713,ğŸ¥—,U+1F957,food
714,ğŸ¿,U+1F37F,food
715,ğŸ§ˆ,U+1F9C8,food
716,ğŸ§‚,U+1F9C2,food
717,ğŸ¥«,U+1F96B,food
718,ğŸ±,U+1F371,food
719,ğŸ˜,U+1F358,food
720,ğŸ™,U+1F359,food
721,ğŸš,U+1F35A,food
722,ğŸ›,U+1F35B,food
723,ğŸœ,U+1F35C,food
724,ğŸ,U+1F35D,food
725,ğŸ ,U+1F360,food
726,ğŸ¢,U+1F362,food
727,ğŸ£,U+1F363,food
728,ğŸ¤,U+1F364,food
729,ğŸ¥,U+1F365,food
730,ğŸ¥®,U+1F96E,food
731,ğŸ¡,U+1F361,food
732,ğŸ¥Ÿ,U+1F95F,food
733,ğŸ¥ ,U+1F960,food
734,ğŸ¥¡,U+1F961,food
735,ğŸ¦€,U+1F980,food
736,ğŸ¦,U+1F99E,food
737,ğŸ¦,U+1F990,food
738,ğŸ¦‘,U+1F991,food
739,ğŸ¦ª,U+1F9AA,food
740,ğŸ¦,U+1F366,food
741,ğŸ§,U+1F367,food
742,ğŸ¨,U+1F368,food
743,ğŸ©,U+1F369,food
744,ğŸª,U+1F36A,food
745,ğŸ‚,U+1F382,food
746,ğŸ°,U+1F370,food
747,ğŸ§,U+1F9C1,food
748,ğŸ¥§,U+1F967,food
749,ğŸ«,U+1F36B,food
750,ğŸ¬,U+1F36C,food
751,ğŸ­,U+1F36D,food
752,ğŸ®,U+1F36E,food
753,ğŸ¯,U+1F36F,food
754,ğŸ¼,U+1F37C,food
755,ğŸ¥›,U+1F95B,food
756,â˜•,U+2615,food
757,ğŸ«–,U+1FAD6,object
758,ğŸµ,U+1F375,object
759,ğŸ¶,U+1F376,object
760,ğŸ¾,U+1F37E,food
761,ğŸ·,U+1F377,food
762,ğŸ¸,U+1F378,food
763,ğŸ¹,U+1F379,food
764,ğŸº,U+1F37A,food
765,ğŸ»,U+1F37B,food
766,ğŸ¥‚,U+1F942,food
767,ğŸ¥ƒ,U+1F943,object
768,ğŸ¥¤,U+1F964,object
769,ğŸ§‹,U+1F9CB,food
770,ğŸ§ƒ,U+1F9C3,object
771,ğŸ§‰,U+1F9C9,object
772,ğŸ§Š,U+1F9CA,object
773,ğŸ¥¢,U+1F962,object
774,ğŸ½,U+1F37D,object
775,ğŸ´,U+1F374,object
776,ğŸ¥„,U+1F944,object
777,ğŸ”ª,U+1F52A,object
778,ğŸº,U+1F3FA,object
779,ğŸŒ,U+1F30D,geography
780,ğŸŒ,U+1F30E,geography
781,ğŸŒ,U+1F30F,geography
782,ğŸŒ,U+1F310,geography
783,ğŸ—º,U+1F5FA,geography
784,ğŸ—¾,U+1F5FE,geography
785,ğŸ§­,U+1F9ED,geography
786,ğŸ”,U+1F3D4,geography
787,â›°,U+26F0,geography
788,ğŸŒ‹,U+1F30B,geography
789,ğŸ—»,U+1F5FB,geography
790,ğŸ•,U+1F3D5,geography
791,ğŸ–,U+1F3D6,geography
792,ğŸœ,U+1F3DC,geography
793,ğŸ,U+1F3DD,geography
794,ğŸ,U+1F3DE,geography
795,ğŸŸ,U+1F3DF,building
796,ğŸ›,U+1F3DB,building
797,ğŸ—,U+1F3D7,building
798,ğŸ§±,U+1F9F1,building
799,ğŸª¨,U+1FAA8,object
800,ğŸªµ,U+1FAB5,object
801,ğŸ›–,U+1F6D6,building
802,ğŸ˜,U+1F3D8,building
803,ğŸš,U+1F3DA,building
804,ğŸ ,U+1F3E0,building
805,ğŸ¡,U+1F3E1,building
806,ğŸ¢,U+1F3E2,building
807,ğŸ£,U+1F3E3,building
808,ğŸ¤,U+1F3E4,building
809,ğŸ¥,U+1F3E5,building
810,ğŸ¦,U+1F3E6,building
811,ğŸ¨,U+1F3E8,building
812,ğŸ©,U+1F3E9,building
813,ğŸª,U+1F3EA,building
814,ğŸ«,U+1F3EB,building
815,ğŸ¬,U+1F3EC,building
816,ğŸ­,U+1F3ED,building
817,ğŸ¯,U+1F3EF,building
818,ğŸ°,U+1F3F0,building
819,ğŸ’’,U+1F492,building
820,ğŸ—¼,U+1F5FC,building
821,ğŸ—½,U+1F5FD,building
822,â›ª,U+26EA,building
823,ğŸ•Œ,U+1F54C,building
824,ğŸ›•,U+1F6D5,building
825,ğŸ•,U+1F54D,building
826,â›©,U+26E9,building
827,ğŸ•‹,U+1F54B,building
828,â›²,U+26F2,building
829,â›º,U+26FA,building
830,ğŸŒ,U+1F301,building
831,ğŸŒƒ,U+1F303,building
832,ğŸ™,U+1F3D9,building
833,ğŸŒ„,U+1F304,building
834,ğŸŒ…,U+1F305,building
835,ğŸŒ†,U+1F306,building
836,ğŸŒ‡,U+1F307,building
837,ğŸŒ‰,U+1F309,building
838,â™¨,U+2668,building
839,ğŸ ,U+1F3A0,building
840,ğŸ¡,U+1F3A1,building
841,ğŸ¢,U+1F3A2,building
842,ğŸ’ˆ,U+1F488,building
843,ğŸª,U+1F3AA,building
844,ğŸš‚,U+1F682,transport
845,ğŸšƒ,U+1F683,transport
846,ğŸš„,U+1F684,transport
847,ğŸš…,U+1F685,transport
848,ğŸš†,U+1F686,transport
849,ğŸš‡,U+1F687,transport
850,ğŸšˆ,U+1F688,transport
851,ğŸš‰,U+1F689,transport
852,ğŸšŠ,U+1F68A,transport
853,ğŸš,U+1F69D,transport
854,ğŸš,U+1F69E,transport
855,ğŸš‹,U+1F68B,transport
856,ğŸšŒ,U+1F68C,transport
857,ğŸš,U+1F68D,transport
858,ğŸš,U+1F68E,transport
859,ğŸš,U+1F690,transport
860,ğŸš‘,U+1F691,transport
861,ğŸš’,U+1F692,transport
862,ğŸš“,U+1F693,transport
863,ğŸš”,U+1F694,transport
864,ğŸš•,U+1F695,transport
865,ğŸš–,U+1F696,transport
866,ğŸš—,U+1F697,transport
867,ğŸš˜,U+1F698,transport
868,ğŸš™,U+1F699,transport
869,ğŸ›»,U+1F6FB,transport
870,ğŸšš,U+1F69A,transport
871,ğŸš›,U+1F69B,transport
872,ğŸšœ,U+1F69C,transport
873,ğŸ,U+1F3CE,transport
874,ğŸ,U+1F3CD,transport
875,ğŸ›µ,U+1F6F5,transport
876,ğŸ¦½,U+1F9BD,transport
877,ğŸ¦¼,U+1F9BC,transport
878,ğŸ›º,U+1F6FA,transport
879,ğŸš²,U+1F6B2,transport
880,ğŸ›´,U+1F6F4,transport
881,ğŸ›¹,U+1F6F9,transport
882,ğŸ›¼,U+1F6FC,transport
883,ğŸš,U+1F68F,transport
884,ğŸ›£,U+1F6E3,transport
885,ğŸ›¤,U+1F6E4,transport
886,ğŸ›¢,U+1F6E2,transport
887,â›½,U+26FD,transport
888,ğŸš¨,U+1F6A8,transport
889,ğŸš¥,U+1F6A5,transport
890,ğŸš¦,U+1F6A6,transport
891,ğŸ›‘,U+1F6D1,transport
892,ğŸš§,U+1F6A7,transport
893,âš“,U+2693,transport
894,â›µ,U+26F5,transport
895,ğŸ›¶,U+1F6F6,transport
896,ğŸš¤,U+1F6A4,transport
897,ğŸ›³,U+1F6F3,transport
898,â›´,U+26F4,transport
899,ğŸ›¥,U+1F6E5,transport
900,ğŸš¢,U+1F6A2,transport
901,âœˆ,U+2708,transport
902,ğŸ›©,U+1F6E9,transport
903,ğŸ›«,U+1F6EB,transport
904,ğŸ›¬,U+1F6EC,transport
905,ğŸª‚,U+1FA82,transport
906,ğŸ’º,U+1F4BA,transport
907,ğŸš,U+1F681,transport
908,ğŸšŸ,U+1F69F,transport
909,ğŸš ,U+1F6A0,transport
910,ğŸš¡,U+1F6A1,transport
911,ğŸ›°,U+1F6F0,transport
912,ğŸš€,U+1F680,transport
913,ğŸ›¸,U+1F6F8,transport
914,ğŸ›,U+1F6CE,transport
915,ğŸ§³,U+1F9F3l,transport
916,âŒ›,U+231B,time
917,â³,U+23F3,time
918,âŒš,U+231A,time
919,â°,U+23F0,time
920,â±,U+23F1,time
921,â²,U+23F2,time
922,ğŸ•°,U+1F570,time
923,ğŸ•›,U+1F55B,time
924,ğŸ•§,U+1F567,time
925,ğŸ•,U+1F550,time
926,ğŸ•œ,U+1F55C,time
927,ğŸ•‘,U+1F551,time
928,ğŸ•,U+1F55D,time
929,ğŸ•’,U+1F552,time
930,ğŸ•,U+1F55E,time
931,ğŸ•“,U+1F553,time
932,ğŸ•Ÿ,U+1F55F,time
933,ğŸ•”,U+1F554,time
934,ğŸ• ,U+1F560,time
935,ğŸ••,U+1F555,time
936,ğŸ•¡,U+1F561,time
937,ğŸ•–,U+1F556,time
938,ğŸ•¢,U+1F562,time
939,ğŸ•—,U+1F557,time
940,ğŸ•£,U+1F563,time
941,ğŸ•˜,U+1F558,time
942,ğŸ•¤,U+1F564,time
943,ğŸ•™,U+1F559,time
944,ğŸ•¥,U+1F565,time
945,ğŸ•š,U+1F55A,time
946,ğŸ•¦,U+1F566,time
947,ğŸŒ‘,U+1F311,moon
948,ğŸŒ’,U+1F312,moon
949,ğŸŒ“,U+1F313,moon
950,ğŸŒ”,U+1F314,moon
951,ğŸŒ•,U+1F315,moon
952,ğŸŒ–,U+1F316,moon
953,ğŸŒ—,U+1F317,moon
954,ğŸŒ˜,U+1F318,moon
955,ğŸŒ™,U+1F319,moon
956,ğŸŒš,U+1F31A,moon
957,ğŸŒ›,U+1F31B,moon
958,ğŸŒœ,U+1F31C,moon